time,LB1,LB2,UC
0.0,146.0,129.4222041636599,2.633338756591299
0.5,145.0,136.5761156773414,3.67662690829206
1.0,147.0,136.37681121489518,2.307523112645311
1.5,150.0,140.0341811779271,4.675546137256596
2.0,144.0,132.0772140837769,1.5318499424685603
2.5,144.0,132.35575571800373,1.7405284756378374
3.0,150.0,132.12470392512378,7.294578450862819
3.5,147.0,130.36119056515895,7.331602044912858
4.0,144.0,121.91885969042647,9.132881685154295
4.5,147.0,139.733453165879,4.9924457600013685
5.0,144.0,139.06383015865111,0.1
5.5,144.0,127.36222476581518,6.758922015326629
6.0,146.0,132.84137443301333,1.962905863498272
6.5,139.0,131.26957056829863,7.333332916555721
7.0,140.0,131.46488574535746,7.152729991927899
7.5,143.0,124.2835014735133,4.319493946395926
8.0,142.0,131.83422994927324,6.090450923450133
8.5,146.0,137.97020708845753,5.160597799189713
9.0,142.0,147.77904490908344,6.258963312351678
9.5,141.0,136.9527698632925,5.081674748864783
10.0,149.0,135.5927005800079,4.592651685691337
10.5,144.0,132.40442644343221,6.245450537995833
11.0,145.0,131.98033550336493,1.631475950923574
11.5,141.0,139.7188038591277,5.445692039913241
12.0,143.0,136.4367747602054,2.4660127695250638
12.5,145.0,131.80380605252128,6.48824132336589
13.0,142.0,129.8738437805165,8.271689756391158
13.5,146.0,134.17282782190688,4.90921392911778
14.0,143.0,132.31336073468205,6.3795192839360695
14.5,144.0,134.95396544229385,5.083524166935925
15.0,143.0,133.8343524847347,2.8258932359346653
15.5,151.0,136.9283493201751,4.860513478765784
16.0,145.0,128.6560091842813,3.610108429677104
16.5,142.0,140.44156607568283,0.1
17.0,147.0,148.87316996165669,1.714746436523542
17.5,141.0,140.94980337530606,4.408064811820076
18.0,146.0,136.0747963341638,6.969443061811215
18.5,139.0,139.39040994863754,5.225643658166633
19.0,141.0,129.93617803956894,4.423785739838738
19.5,146.0,127.06513368621005,5.779264635044429
20.0,147.0,138.85010683806289,4.382431738186375
20.5,146.0,132.29089644557968,4.422077919462568
21.0,145.0,128.24821426708775,4.149012046957687
21.5,144.0,130.57864842365896,7.548304662740558
22.0,141.0,129.32884323048665,1.4859261674578348
22.5,143.0,135.6537491670346,4.574913751963721
23.0,144.0,137.8922187274597,4.72470582141781
23.5,148.0,139.42034705186128,2.8823713639251887
24.0,146.0,139.4532664044383,7.054596729301698
24.5,140.0,138.75659374011818,4.931447816125528
25.0,156.0,133.94577530337162,4.352882560781802
25.5,154.0,131.86421777896967,6.6554407627048064
26.0,153.0,127.44083830615708,4.816878146138579
26.5,157.0,140.4798396328186,5.218261984174133
27.0,158.0,134.0929441475412,3.570723770875831
27.5,158.0,132.92968821046298,5.253284515510626
28.0,152.0,140.88018647739798,5.736489270183749
28.5,154.0,130.4905650566161,5.8703507396439445
29.0,156.0,139.15558185004662,4.356628879206631
29.5,158.0,136.46441167553934,5.418361924737942
30.0,144.0,129.7924553713171,4.004939616894716
30.5,144.0,134.60258602875356,5.273748889929467
31.0,142.0,139.8464224226734,5.505110465387666
31.5,141.0,138.9595820733742,5.071642042586888
32.0,147.0,142.45877601831185,4.445657700730356
32.5,149.0,136.67251101386108,1.0918012659101746
33.0,145.0,151.84308602202785,5.246745835834092
33.5,148.0,130.3796507285576,7.837820908636193
34.0,146.0,132.98841280381848,3.825110386167606
34.5,143.0,134.67728431652077,0.1658810473695995
35.0,146.0,127.88785246093747,6.950815178419439
35.5,150.0,140.19406284059158,5.7416859643682505
36.0,145.0,139.4992672070237,4.347093983310979
36.5,150.0,135.07660640920523,4.186700899278565
37.0,137.0,132.30952248552697,2.924133423672412
37.5,147.0,127.5063353998228,6.28690841673464
38.0,145.0,131.0353131104049,2.6722664371611566
38.5,144.0,138.70016117275063,8.417858025895034
39.0,145.0,135.2941537630642,5.227425977357744
39.5,139.0,135.58352094984056,8.3253338926296
40.0,144.0,141.5671860340166,5.013514497019707
40.5,146.0,146.16191847031013,4.9312125760410925
41.0,149.0,142.92659394575404,7.199079791959555
41.5,143.0,144.43291637270818,4.686370473448881
42.0,143.0,150.87904283601168,2.2791796583121093
42.5,143.0,145.9880933059136,6.444647675149238
43.0,148.0,144.57739308085766,3.605609381868312
43.5,146.0,150.41817319766807,4.849986378003687
44.0,143.0,146.6062374919431,5.297873348649458
44.5,147.0,146.78886647882888,6.234620631868728
45.0,145.0,155.6314126238315,5.677630139755904
45.5,148.0,148.32904249581475,4.111835303458966
46.0,143.0,136.9262951977613,8.285478094910005
46.5,144.0,152.22729700733876,1.620303870507089
47.0,144.0,148.7015547519395,3.595635676507312
47.5,141.0,149.29341475054045,8.860877737330089
48.0,146.0,152.94381864250855,5.864408903738674
48.5,146.0,149.66940274613958,3.745982963529929
49.0,145.0,151.27686958605244,3.726841470792772
49.5,144.0,139.6772311839642,2.878166275123206
50.0,141.0,144.54746048079738,4.765316572023531
50.5,144.0,155.64778879278916,6.038062248229378
51.0,144.0,147.79663438284766,9.326343252333206
51.5,143.0,138.68502257384708,3.632475118782189
52.0,145.0,140.76117664090225,5.096105800510944
52.5,146.0,140.14739593912347,1.9964051340532687
53.0,151.0,144.53147058101115,1.5255176073463637
53.5,146.0,140.69730549065224,6.682841039991196
54.0,146.0,138.34509808329025,5.531950133843945
54.5,145.0,140.390671727807,3.873879132171223
55.0,139.0,141.44871487356022,2.6424817091565145
55.5,145.0,136.42272169634472,5.622324323862257
56.0,145.0,133.48141483355533,3.1805966997159096
56.5,152.0,132.87411365219506,3.466423144432298
57.0,144.0,136.68070957482772,4.68378820322992
57.5,146.0,134.94470400417163,5.984538827133929
58.0,145.0,138.8180889474265,8.43666772864477
58.5,141.0,129.23264186642268,3.3557709355003715
59.0,148.0,131.10492422410977,5.930087158797226
59.5,147.0,138.84730903334074,4.653131814134221
60.0,147.0,130.972465537146,3.828410931707131
60.5,142.0,141.90168334855787,7.320626367445079
61.0,149.0,142.00763128328543,7.596837838815796
61.5,141.0,141.943233521354,4.940473140510637
62.0,147.0,130.57840066124564,7.604091662116658
62.5,152.0,135.36607949681735,6.767388458320575
63.0,142.0,132.51444234287786,4.516060640615351
63.5,143.0,139.59741779560426,6.995150168973805
64.0,145.0,143.51462952228678,6.731510611394774
64.5,143.0,139.34955183207137,5.3880511638145965
65.0,140.0,135.02732648259519,5.192316516138938
65.5,145.0,133.15390826973177,4.5576582938831605
66.0,142.0,138.22703841704,1.4351507940463288
66.5,146.0,128.86723707051794,5.990887234310701
67.0,142.0,137.6632849158048,6.45038703113537
67.5,150.0,130.4081500975881,5.128654439832124
68.0,143.0,138.08434583370317,4.791937688056934
68.5,144.0,134.17691786957917,5.146898489995149
69.0,147.0,133.0402827590114,3.966425817766656
69.5,141.0,130.55404288475023,4.921470108066199
70.0,146.0,133.1978796250535,5.412189963824774
70.5,149.0,137.76221374656433,1.937791398420205
71.0,140.0,140.20090780848778,2.344801167005976
71.5,146.0,137.61384556056797,4.623558419215671
72.0,146.0,141.80103737598,5.561238704158963
72.5,147.0,147.67741833524116,6.741309365452412
73.0,141.0,133.35914996475003,5.438800654718642
73.5,141.0,133.95227116841696,4.927385809596078
74.0,147.0,127.7813975154755,4.876869870762875
74.5,146.0,140.93524103446268,5.678917109888962
75.0,146.0,141.47858882521692,3.960161354388294
75.5,146.0,130.64587397364673,7.613195231786381
76.0,143.0,138.06980898145022,4.646061991296264
76.5,146.0,141.06695873879505,3.6301704473446383
77.0,146.0,136.11304610138887,6.34917848504332
77.5,143.0,139.2186119167777,3.936961058505051
78.0,151.0,135.85576981385185,5.129714467818064
78.5,146.0,128.8973302920983,4.995830225518165
79.0,141.0,140.22834171549883,3.746370470972109
79.5,147.0,141.6071330614655,5.1624504718429245
80.0,142.0,138.6541100782947,3.585760120528362
80.5,147.0,130.20911844408738,3.7925008742984856
81.0,148.0,131.22570763057485,7.242126166071971
81.5,143.0,129.32946448829185,3.1235078427079817
82.0,148.0,138.83149155354846,4.764730535920358
82.5,146.0,141.323552365914,8.506319446878726
83.0,147.0,137.10403597417675,5.975081167441037
83.5,151.0,139.68428267870453,5.723508406522571
84.0,144.0,130.64339930399763,4.869380467518892
84.5,143.0,135.71091401603604,5.695478423841277
85.0,142.0,128.132249470313,8.255642304385361
85.5,143.0,131.1227010064282,3.64831558648687
86.0,145.0,139.37497249484898,7.117704464002442
86.5,146.0,133.78363221292543,5.277303083713858
87.0,146.0,141.02851460732765,6.456643709419353
87.5,147.0,137.67140477235446,3.8866464151485607
88.0,145.0,148.65371554920318,6.252366959497214
88.5,149.0,135.4504319046542,2.8831821290718533
89.0,144.0,127.94957841798674,5.630579533577184
89.5,153.0,134.80895647342044,7.689510281702358
90.0,147.0,130.16652662356387,4.468056109334379
90.5,142.0,139.86750475795986,2.9730837692570518
91.0,142.0,135.1915050762446,8.002259208727754
91.5,146.0,134.2952456684054,6.505295490266957
92.0,144.0,134.36094280948618,6.67222323183279
92.5,147.0,138.68330884363317,5.172897614103104
93.0,146.0,132.71929359217114,0.4002048089101304
93.5,145.0,138.86685372841254,2.0983567584662457
94.0,142.0,140.20946059562607,5.082736823206801
94.5,140.0,133.27089619086757,4.218842948097906
95.0,144.0,130.3513716578371,7.820403736089457
95.5,148.0,132.41677816571638,2.757571169954759
96.0,146.0,138.53215095571426,7.272968101277199
96.5,141.0,135.44399911164996,1.9654019057370635
97.0,146.0,138.13197944689952,6.884257049971976
97.5,146.0,143.79629211541064,3.715912567170244
98.0,142.0,136.13637336862016,2.759603003773314
98.5,145.0,130.93692029694267,2.1725661662103803
99.0,145.0,144.7831723954539,4.954422794969111
99.5,142.0,143.95965693214183,5.303729548936174
100.0,146.0,151.67754757611124,6.308067716856076
100.5,147.0,155.4182419094163,8.97108963288916
101.0,148.0,147.0347214029226,2.599528807896656
101.5,148.0,159.3341235364525,6.211931963025823
102.0,141.0,156.35537168483927,4.820106592578654
102.5,142.0,147.06772732650498,5.1733941641558925
103.0,147.0,148.83755738716323,7.230882878269815
103.5,147.0,144.98889008964417,7.695545303450338
104.0,147.0,139.6157139234712,6.468282650666038
104.5,157.0,139.34117469795646,3.498315011036761
105.0,147.0,142.16838639556212,3.0438645595248706
105.5,148.0,135.01813661759766,6.388011685191274
106.0,148.0,141.63601139375493,4.531738983497704
106.5,147.0,139.92261780641505,7.218699422793755
107.0,144.0,136.1430855447765,4.827125173000443
107.5,147.0,135.8625093641561,4.958027561408821
108.0,143.0,129.2187778955944,6.6181811211667
108.5,144.0,127.47776278785862,10.456435561081433
109.0,144.0,135.80671874444118,5.511808397541995
109.5,145.0,130.70196016474765,4.556218882419112
110.0,152.0,134.78342404369639,8.277867034496332
110.5,139.0,132.30829104464416,6.534594747724628
111.0,147.0,126.039122228992,3.601207346757092
111.5,140.0,136.76812746357766,5.49177651526867
112.0,144.0,132.90894572694503,6.242089190443592
112.5,148.0,135.38259831659855,2.9963108731454966
113.0,145.0,130.51600338574838,6.495056276736479
113.5,142.0,133.30751851692082,10.218188413835543
114.0,143.0,142.78350545955888,4.67988381149854
114.5,147.0,135.6243597542499,15.092468187488157
115.0,143.0,137.72948647920782,21.92253531547972
115.5,146.0,128.6272457195143,23.38302098120647
116.0,145.0,146.9267845408568,26.05033989386447
116.5,143.0,144.19867354549714,32.12273694784992
117.0,151.0,141.798782208653,30.297597051863747
117.5,147.0,139.12543464191887,34.88656253669567
118.0,139.0,135.0573211451938,38.19113850302693
118.5,146.0,137.19197483822813,41.11987536701582
119.0,143.0,140.22170347386924,49.08342214687585
119.5,148.0,131.83875601651596,44.826330062908006
120.0,143.0,132.7591110327986,49.24360538136378
120.5,145.0,126.63594295844183,46.361918015710245
121.0,147.0,131.12250936511072,50.53543706577908
121.5,148.0,143.28811340693525,50.96781562655442
122.0,141.0,133.31036929814266,48.82963692475772
122.5,144.0,133.39237022134157,48.3889245892219
123.0,144.0,136.5704399160801,49.615389054143705
123.5,143.0,126.92046821802187,42.31494454979201
124.0,150.0,139.70851320433232,47.06711025169916
124.5,146.0,141.31363903075885,41.18805265964325
125.0,149.0,136.86808608119654,40.12190503171187
125.5,156.0,143.23835968629194,34.807982320940006
126.0,159.0,128.347445923215,32.26850704357955
126.5,156.0,144.2001837426537,29.83310329412122
127.0,148.0,131.3278977377462,24.649230733765613
127.5,152.0,128.58200608757883,22.1153722690435
128.0,157.0,133.79464494786114,16.26273042958515
128.5,151.0,144.34163315625602,14.923901341063988
129.0,154.0,134.88439404939675,10.88379457204147
129.5,155.0,130.3186464710891,9.164766743072676
130.0,142.0,128.5068923814952,5.151865948366656
130.5,145.0,134.45601223016243,3.2526136500316856
131.0,135.0,125.00679689610624,3.5011535508154257
131.5,142.0,128.4806405459273,5.301319351597421
132.0,144.0,142.6969430131899,3.27593992566187
132.5,141.0,141.59792378965068,0.8272828182730416
133.0,150.0,134.33954402119593,6.239423370818912
133.5,141.0,132.65328089762176,0.5166705244522323
134.0,144.0,135.27414926542872,5.538215247165963
134.5,145.0,146.7215893961461,5.963907112719176
135.0,149.0,137.0064822977471,2.7369057040211624
135.5,141.0,139.53029562869358,5.780543442678448
136.0,148.0,133.96931712473673,6.62284400992139
136.5,145.0,135.2860877894803,5.753418838508098
137.0,142.0,138.21741823782972,1.4994830934874313
137.5,146.0,135.61207889301463,11.094867378748944
138.0,146.0,125.4947198414512,3.3722563235314222
138.5,143.0,141.3843085622818,3.642142285812961
139.0,145.0,131.90593636503783,4.35012164502523
139.5,144.0,145.53819296197574,5.997292070837291
140.0,145.0,138.41584731772434,2.9132103327555234
140.5,147.0,135.3364668320932,2.382609215218218
141.0,150.0,137.17824045441165,6.856951998736825
141.5,141.0,134.43911531107693,7.749387706578343
142.0,151.0,132.5494409236327,4.332460418236018
142.5,139.0,136.0195960603231,4.867603728803184
143.0,145.0,139.40655708982783,3.245791996745419
143.5,147.0,132.65895601066964,4.03600374269964
144.0,146.0,131.8704189293631,4.833095418526513
144.5,143.0,133.2041615493127,6.330788445086265
145.0,144.0,139.74166022312795,4.817559164399689
145.5,144.0,142.24435599120633,7.843858250560293
146.0,143.0,136.79167431360685,6.178382794536133
146.5,148.0,137.8881754240731,3.0297497457133904
147.0,146.0,131.83310046756893,6.355606714095769
147.5,143.0,139.3653780036561,2.38363616632143
148.0,148.0,137.74028980621986,4.50122696796375
148.5,146.0,131.43096496425707,5.365430493104801
149.0,147.0,126.04324669423558,8.12910051136567
149.5,147.0,128.87875423248522,3.1268015372309157
150.0,143.0,131.63559111298844,4.149675483273597
150.5,143.0,140.79129134262837,3.967330574702214
151.0,147.0,142.7459036330911,4.803886067805432
151.5,147.0,132.7840153765231,5.625363445958033
152.0,145.0,132.942027990038,2.621739240668631
152.5,145.0,136.28972003375682,4.630047271223887
153.0,149.0,135.04233729926062,1.491983275185402
153.5,143.0,139.6362751737649,3.924803208316657
154.0,147.0,132.36566428595893,4.584776678681433
154.5,144.0,139.72731969279948,5.695447668512722
155.0,144.0,133.78548076454572,3.091383016651039
155.5,148.0,139.25147830923376,2.831823211968819
156.0,147.0,133.62640244245176,3.4126159356821235
156.5,147.0,131.9161313393526,5.731441495234992
157.0,149.0,144.54319295309435,5.913899392281891
157.5,145.0,140.3077401666291,6.744864271880292
158.0,147.0,126.02137925321841,10.689812217544468
158.5,144.0,132.74773719494496,1.6649046927099511
159.0,146.0,141.00621936278736,5.670883478602422
159.5,145.0,128.99830240782688,4.798543020338212
160.0,145.0,138.83499640151004,5.1480961855632925
160.5,147.0,138.31688527124345,3.811040140751299
161.0,143.0,131.4858718634349,7.88741524608023
161.5,151.0,134.93751952266544,6.1513434525676045
162.0,142.0,124.53151601074309,5.549137794939671
162.5,141.0,143.83376233672809,5.838832626790754
163.0,148.0,133.43614220790988,5.21345661135735
163.5,147.0,139.0006700107758,2.834424256977305
164.0,147.0,138.05081146127162,4.170019168645264
164.5,147.0,141.77100869439442,5.86723935242961
165.0,145.0,132.8150877193817,5.360124662947706
165.5,142.0,136.00071839153182,4.377260450018358
166.0,145.0,137.7771507669671,5.273003402768154
166.5,143.0,139.34431271104688,4.443873215203789
167.0,148.0,140.7533764459391,10.336449743485415
167.5,145.0,132.5946961010179,3.759442377841644
168.0,143.0,131.66046753737237,4.45085197978575
168.5,144.0,141.78216158513536,5.143554694291514
169.0,146.0,124.79622507903379,0.637139108368749
169.5,143.0,142.83176615660784,5.674354707923232
170.0,143.0,133.46998354351294,3.71748304095462
170.5,146.0,134.95879060894302,1.5764766577151543
171.0,146.0,131.5698917482937,3.805103602471216
171.5,143.0,134.74062732621542,6.19885932176722
172.0,144.0,141.33729588379907,4.770274765022745
172.5,146.0,138.83592026121468,9.907739122147518
173.0,141.0,137.44503717289652,5.011306647672273
173.5,141.0,135.42596978455322,7.093791545215275
174.0,143.0,127.75355489153408,7.669128203889281
174.5,144.0,130.76092018630578,0.7094174598842988
175.0,146.0,133.26559857073866,4.692919136510706
175.5,149.0,137.26998702603868,6.044330077088616
176.0,148.0,135.32986807648888,2.7233269921112235
176.5,145.0,139.8991262856868,5.265846237845183
177.0,145.0,137.34974169253232,2.7694664313710216
177.5,142.0,135.25335764358735,1.9165505114865329
178.0,145.0,146.3604112417305,4.166734687347456
178.5,144.0,137.01273817914412,7.031292763237209
179.0,146.0,132.82189374585263,5.343470583421712
179.5,143.0,144.28143978632914,4.63522321622343
180.0,147.0,140.98366249596148,7.064015531057198
180.5,150.0,144.06204370511355,4.607422801230504
181.0,145.0,134.42694507574694,3.904206137040551
181.5,146.0,139.8631503863,3.687955033268637
182.0,147.0,127.71735745853269,4.6400219859423055
182.5,144.0,138.90163680846533,1.261314333328072
183.0,146.0,134.19298496262397,5.336501414895952
183.5,145.0,128.20631497630484,3.368150019303539
184.0,145.0,140.14460677398438,5.834810403883145
184.5,143.0,125.93094812891441,6.104453226769526
185.0,145.0,125.41807216857339,3.555032308043933
185.5,146.0,136.793987047921,3.515763434410374
186.0,149.0,137.8383423055284,0.9839745349706002
186.5,148.0,139.83422385396054,5.215059949304234
187.0,151.0,138.69141983654183,5.818767059075965
187.5,143.0,142.36489788104262,4.996406251595389
188.0,148.0,138.48281952070658,6.256872775005955
188.5,146.0,134.32010753418217,7.380372086462916
189.0,152.0,134.61354917493495,3.737568477374081
189.5,143.0,133.57049880895843,1.2515802335038662
190.0,142.0,136.4589923760104,4.484925983329208
190.5,143.0,129.4948754110612,2.4049891237771663
191.0,139.0,136.68621574668924,7.407964989588097
191.5,143.0,134.5495372197364,5.224085268436271
192.0,143.0,136.35978054333154,5.215474262942467
192.5,145.0,136.37521992874778,4.137739456315369
193.0,146.0,122.72028174731582,2.654502984920484
193.5,151.0,130.47513566057114,6.748141090264897
194.0,148.0,134.43846143345021,1.6712681701683505
194.5,143.0,134.70417996240613,5.188290743086549
195.0,142.0,136.27855129889295,4.043683109278872
195.5,146.0,136.4933462055527,9.355035199448952
196.0,141.0,142.56277136856397,4.393141452152919
196.5,150.0,136.54389715938422,4.49757679191911
197.0,149.0,133.4164862128123,4.622149835140099
197.5,144.0,126.98598739120708,4.8178343008180775
198.0,140.0,128.1386541761852,5.181777528172739
198.5,149.0,137.65906380377052,1.6131685436095986
199.0,145.0,140.28383882444683,6.310406330143979
199.5,149.0,142.6884597384854,4.286395564806036
200.0,140.0,130.84213935931592,1.742169172452256
200.5,143.0,133.46228257673985,5.727826617422815
201.0,145.0,136.19327318431004,9.613679474831033
201.5,145.0,145.2185993595457,6.120393289014896
202.0,144.0,135.55591209496396,3.335583097489144
202.5,147.0,142.73791902755934,7.225686369832698
203.0,142.0,135.83146926843102,3.3615963973843384
203.5,145.0,140.74783068603676,5.745480894104596
204.0,145.0,140.11450398665488,2.2497680578019064
204.5,147.0,135.81204541643524,5.929662053064775
205.0,147.0,129.8796885175837,7.395324038506818
205.5,142.0,133.63613256424975,1.7531031704865514
206.0,140.0,142.42683062331687,4.926167992542106
206.5,149.0,139.37073059629506,4.025539788310565
207.0,146.0,132.81335312003526,4.523463391979042
207.5,143.0,133.2700615607725,4.477453940475372
208.0,150.0,126.32723923506666,5.568930214255138
208.5,145.0,142.20329871380355,2.4537355306562505
209.0,149.0,139.41192255512524,5.64610821556293
209.5,145.0,134.29621564868523,4.977329781615414
210.0,151.0,135.9822768497616,6.191572548279556
210.5,150.0,124.12727561324243,2.417092554374539
211.0,144.0,132.54803227368075,0.6431512662061225
211.5,148.0,141.65383295821516,7.481246878830962
212.0,147.0,139.8893416375449,6.473057101920536
212.5,149.0,136.63510753921415,3.609504224242029
213.0,142.0,134.90801346071981,6.748724607940713
213.5,147.0,138.9636319023761,5.213800262595671
214.0,148.0,133.57467922113906,7.262428824467767
214.5,140.0,126.65813877291944,4.6799001331094425
215.0,141.0,134.95060905552512,5.3501061014966105
215.5,139.0,136.99720138932238,4.781506661599156
216.0,144.0,140.5949931778846,2.4338587272417387
216.5,147.0,127.7756259514145,6.189892993387227
217.0,150.0,134.36704822113722,6.669444354525638
217.5,145.0,134.60508648011887,8.749251843971127
218.0,150.0,129.47534522965893,2.4042916758458928
218.5,141.0,137.41997112851095,4.594243999478156
219.0,140.0,138.7184449119535,5.550659393561103
219.5,145.0,133.52814321373927,5.803074400992645
220.0,146.0,145.25706779700184,7.702958352473803
220.5,145.0,133.3848047162262,2.4584575793495023
221.0,139.0,132.74818740044114,2.825765693215109
221.5,145.0,132.60324801405147,4.165033663095584
222.0,141.0,130.90410938745205,6.502106954196982
222.5,147.0,132.1864772877252,4.253348790359298
223.0,146.0,127.81116040773186,6.869238982044757
223.5,142.0,134.02394063432803,2.109577041944782
224.0,143.0,135.26897476901598,6.448258807941939
224.5,142.0,123.5675923036905,4.648831135385664
225.0,154.0,134.47185719149522,5.926710070165308
225.5,157.0,135.19227516260412,3.1858672458947934
226.0,151.0,137.55454970734718,6.665219084424632
226.5,156.0,141.00478011677362,6.012334453058122
227.0,153.0,139.23837607689703,3.602958483742325
227.5,152.0,131.87978614121673,5.67521684086603
228.0,154.0,131.29954389260627,6.445330395971089
228.5,151.0,137.87912676164376,3.09094444450814
229.0,152.0,132.24520557220688,5.799429569380217
229.5,151.0,128.84133465827637,5.451446293159181
230.0,151.0,146.85231347089746,6.26386170298767
230.5,145.0,133.42798343080852,2.828276556506971
231.0,143.0,131.84898384045178,6.0087947677196905
231.5,146.0,124.0209544726846,4.994943522107172
232.0,145.0,139.23861521578863,8.20413815300098
232.5,144.0,130.0419255249118,2.9588083374872185
233.0,147.0,135.12470755173362,4.975671364239503
233.5,147.0,139.8247205354166,3.961956080467431
234.0,143.0,130.12026201527414,6.714296929275392
234.5,143.0,135.3790170129822,3.451160106158534
235.0,144.0,142.60054180486352,5.668825554575212
235.5,138.0,122.69786946957709,6.0224830371006135
236.0,140.0,130.9290755189984,6.223325589970111
236.5,149.0,130.45889533495912,3.958083320764218
237.0,150.0,134.04707914109244,7.28825317505613
237.5,144.0,134.74265036702678,4.468168070630249
238.0,147.0,129.67529158916153,4.717703469491754
238.5,146.0,131.7097380233294,3.011560866953067
239.0,154.0,131.11547990163038,7.365173341466637
239.5,148.0,133.22765852803013,3.3537364043217046
240.0,145.0,136.07271841654998,6.276718413467643
240.5,142.0,141.41134179449656,3.639998987131282
241.0,140.0,143.98472292614107,7.2360762875928515
241.5,146.0,143.771445786286,4.989997535438791
242.0,143.0,137.848092040066,3.3428376329881093
242.5,141.0,143.81064880093513,5.004862987574154
243.0,143.0,157.17895353193197,4.436461157994845
243.5,142.0,151.70957610668003,2.7208839798799382
244.0,150.0,145.594035343155,5.563868724726326
244.5,148.0,156.67952366952548,5.781519678685819
245.0,145.0,147.60070530139203,2.525079323159648
245.5,149.0,146.75845038959824,7.079233801034858
246.0,145.0,157.4180619339374,5.450959423314618
246.5,142.0,144.0046883319307,2.2943993248984684
247.0,150.0,140.8705143529528,3.350726815389212
247.5,147.0,154.80688312141694,1.2506879435081464
248.0,142.0,149.67950590846016,1.887584173271012
248.5,144.0,149.40616014739234,5.56345820241881
249.0,142.0,145.98944394038776,6.070329561510828
249.5,141.0,145.44444580632324,6.570685954181679
250.0,148.0,141.56764335498795,3.1468015649847247
250.5,151.0,137.84296704547586,5.043680915728723
251.0,141.0,136.13585508193805,3.5100159840380423
251.5,147.0,133.07188312005232,5.308847530832944
252.0,143.0,128.17242173370718,4.56611472502909
252.5,144.0,126.90559542802792,7.716218556986896
253.0,143.0,114.62596614565008,3.556360212437095
253.5,142.0,130.1864838903777,6.477473717051737
254.0,145.0,128.58775821139088,5.888498730809655
254.5,143.0,126.33872872012269,4.887556858476
255.0,146.0,128.3263856777599,1.7389623892446724
255.5,145.0,129.12241201163357,3.215029121228204
256.0,144.0,124.96886841626484,7.067227553372788
256.5,142.0,126.95456807732386,4.698514423114929
257.0,143.0,133.45063135833672,0.1
257.5,147.0,133.1649254738661,3.209457805078612
258.0,147.0,143.74909355698082,4.626547452032744
258.5,142.0,143.07966553108105,5.4572853327895245
259.0,145.0,139.64666545583623,9.115374163432644
259.5,147.0,131.1729301752554,10.168049004319474
260.0,140.0,132.15881973754662,14.294807850954284
260.5,147.0,129.97137113575081,15.622422987432849
261.0,143.0,136.38039150282802,13.937537631555106
261.5,147.0,121.27683053159598,20.00287114344601
262.0,143.0,132.6885083691795,21.28307347045291
262.5,140.0,133.4480227572854,20.37607447657148
263.0,140.0,127.36015208804453,26.502913868589168
263.5,145.0,138.97028632678766,29.20963419811692
264.0,146.0,129.2858961109451,28.84779125458547
264.5,142.0,136.3203180824108,30.730758629495195
265.0,147.0,148.90049187133974,34.77245633106416
265.5,140.0,126.92657670411838,37.94323206581138
266.0,145.0,134.23884772885924,45.53057202572264
266.5,141.0,132.94430406571817,43.89038972938327
267.0,143.0,131.97176135941257,46.2881574543907
267.5,145.0,138.7828602270713,48.96382500632191
268.0,142.0,140.5132502780367,46.781041041303006
268.5,144.0,138.83979550040118,52.12047765374106
269.0,148.0,131.3649093416383,47.28938276478838
269.5,143.0,147.15084514590657,51.7740361688
270.0,148.0,126.13038881218503,53.64071129318805
270.5,142.0,129.81845940872302,51.83833234384963
271.0,147.0,135.83025117584634,54.2380604924272
271.5,149.0,135.42857434962272,46.914187693700406
272.0,138.0,137.42182515078824,51.19716273368778
272.5,143.0,142.8822752292705,46.85827670140555
273.0,147.0,134.3823501570665,47.453910171817625
273.5,144.0,135.5502520549594,46.51507158724733
274.0,146.0,132.00902449027325,45.48007984904796
274.5,143.0,137.9232473461977,43.48782743629676
275.0,145.0,133.3892122006428,41.693306027814174
275.5,145.0,133.38631964856276,39.42445013265607
276.0,149.0,137.69902051871338,35.610710613897595
276.5,146.0,140.1562093892975,30.996018195747567
277.0,146.0,123.9410719955251,30.506765233274663
277.5,144.0,136.78549687726164,28.431474160152675
278.0,144.0,133.6305881605068,23.6086729402548
278.5,144.0,139.71968944220154,19.51062097234112
279.0,146.0,133.73099174852194,22.499970048753823
279.5,144.0,141.486866919706,20.228016127758245
280.0,146.0,131.5995396514743,14.80718069728304
280.5,151.0,123.82995521576504,8.579364088973346
281.0,148.0,140.23956995725283,10.692983839959458
281.5,144.0,130.76387994266713,6.346253586520584
282.0,149.0,127.08034507017685,3.2822137401928204
282.5,144.0,135.06187184711413,6.733862211044121
283.0,139.0,133.78571142374363,5.743432940591083
283.5,142.0,139.09712963261953,3.0667815405664998
284.0,139.0,139.44365885297054,4.381662372909172
284.5,144.0,135.45970698334145,5.997256705799854
285.0,145.0,130.55752504430455,5.279368693353088
285.5,150.0,136.41631106001597,5.289823450986658
286.0,146.0,135.80757665449738,6.363506193636818
286.5,144.0,137.8262881262427,4.043780849853452
287.0,147.0,130.60757118517097,4.136479983839571
287.5,138.0,132.9797403880567,7.787888579476277
288.0,146.0,137.52849533557503,6.121940551760863
288.5,147.0,141.2182400300531,5.8401962030895165
289.0,141.0,139.81121479369244,3.407225230641618
289.5,148.0,135.39187910965848,7.191145314659465
290.0,146.0,132.54462963428875,4.032714883559616
290.5,144.0,137.00070754729103,7.109101704546339
291.0,147.0,129.52465256742713,4.664319732133563
291.5,152.0,130.89659755759,4.109394429683592
292.0,146.0,142.5304613161926,7.66017774915637
292.5,146.0,136.9917771541291,5.700887170778398
293.0,144.0,133.2439710850297,2.08756417787886
293.5,142.0,139.12729817682083,7.1493581537187865
294.0,147.0,141.41647957314245,5.75926528281989
294.5,142.0,132.75841696266627,5.735068862897524
295.0,145.0,132.84456504164712,5.399914239539311
295.5,144.0,132.21837588715945,7.3099849683652
296.0,146.0,139.8008563474713,7.347645138506201
296.5,146.0,139.8493919914951,2.032938118475264
297.0,148.0,141.91112136035,5.428725746680963
297.5,143.0,140.02461950313867,2.720355978273478
298.0,144.0,126.82051435675189,4.421700259151539
298.5,142.0,136.3864263584855,7.011531089342001
299.0,144.0,129.68967773965923,5.397554740781924
299.5,146.0,132.4170328790374,3.893678236052758
300.0,147.0,135.8345757717988,4.335103470487134
300.5,142.0,139.159431745644,3.542604632883804
301.0,148.0,129.6098719673136,6.29199741053147
301.5,149.0,121.53867325239678,7.619334185782591
302.0,146.0,133.19423794414354,5.07040966984802
302.5,151.0,144.68478083301272,7.599662183132768
303.0,143.0,129.68816817927276,5.514344391122934
303.5,141.0,130.24567120609723,10.789633683880428
304.0,140.0,138.3156536942975,6.998343763616737
304.5,149.0,131.84537033356523,8.988426411248597
305.0,147.0,129.57162471220636,4.71431111663706
305.5,145.0,130.4023441636776,7.019922795985208
306.0,146.0,129.26359792171363,2.5015913451317013
306.5,142.0,122.25346893736194,3.739321644759219
307.0,152.0,121.3051524698469,4.99244142356906
307.5,145.0,137.62590139773144,4.842307632277089
308.0,145.0,129.40673628681742,5.528640574647833
308.5,147.0,129.39447445115476,5.896085800073575
309.0,146.0,128.95369728133608,2.106940824089216
309.5,146.0,133.91646036942822,4.505274469009027
310.0,143.0,143.39585478631096,5.073746289228803
310.5,146.0,134.08668625155894,6.7156667018105605
311.0,151.0,129.3511496035436,4.633908465952697
311.5,149.0,132.49526727020108,7.29218708498367
312.0,150.0,139.41907101559528,8.11557501909076
312.5,143.0,132.0676017468295,6.786525423989509
313.0,142.0,139.24283719904582,3.670976964277285
313.5,145.0,123.37791788400384,2.960288163773657
314.0,145.0,133.83220689666254,6.3374489919733
314.5,148.0,138.12230482129783,4.1830347852350185
315.0,140.0,141.33223248677305,1.2058452642222082
315.5,150.0,130.88923366868252,7.465104208592495
316.0,145.0,127.46777966574147,2.82595552534466
316.5,144.0,133.67792892943538,4.4585008821866685
317.0,142.0,129.35450971516005,5.532315591041939
317.5,140.0,134.23642142024684,4.916417044760601
318.0,147.0,134.9483374807383,2.4655355228488727
318.5,145.0,128.38587952788475,8.810680024285318
319.0,141.0,139.00380030444882,4.922000914770844
319.5,141.0,134.19553528707223,7.95306059923672
320.0,144.0,140.38390409892125,1.6512947304049868
320.5,150.0,125.75707855241401,6.022825254391703
321.0,144.0,129.89564390116755,4.326842250071982
321.5,140.0,137.5649512971351,8.682199000193723
322.0,144.0,130.98605189976817,7.0809889321786414
322.5,144.0,134.158926463646,7.21854838764964
323.0,137.0,134.98510034168035,3.965192701225384
323.5,145.0,135.77288465866133,3.90211687671476
324.0,144.0,131.59377369022596,2.91787665743203
324.5,147.0,135.72803757125686,5.259839788546007
325.0,160.0,131.0688862277221,2.365003376370069
325.5,158.0,138.35300709762836,2.223233491722016
326.0,154.0,134.40738465647937,4.781296636063789
326.5,151.0,135.7567878718721,6.758108284957696
327.0,162.0,147.83123895234615,4.209613879933728
327.5,155.0,129.44608248089438,3.5933312599625795
328.0,154.0,141.92451609909594,6.3649631050863285
328.5,154.0,121.68484796864763,10.998602572165588
329.0,155.0,124.58972147929977,3.8797577114439146
329.5,154.0,128.77840436545662,6.303344807107771
330.0,143.0,129.0939629275198,8.1042118758721
330.5,143.0,136.00011374458873,5.279167058157886
331.0,145.0,136.43081607473684,2.7879692920682384
331.5,143.0,133.70749841203266,4.817549644488007
332.0,143.0,134.23221492008219,8.771568738146987
332.5,145.0,137.6204285585528,6.879441836520219
333.0,144.0,139.1477241419982,1.1292316240311475
333.5,150.0,128.3489096733457,8.006546211092116
334.0,137.0,133.17214989772947,0.9789860375594914
334.5,148.0,134.63365563932945,6.208400951020733
335.0,149.0,137.40818473669674,5.074786558363459
335.5,139.0,131.11826904252715,7.249699840677341
336.0,144.0,134.53549887592612,6.520047440417786
336.5,144.0,135.13152292653027,4.716458543946215
337.0,141.0,131.45925423659685,3.7284852419785146
337.5,143.0,131.34002900415507,2.150121044254341
338.0,142.0,135.47533364208115,5.147036940742076
338.5,150.0,134.32987902395845,5.434840135816159
339.0,148.0,137.48399235099765,3.2645794545748954
339.5,149.0,129.7153111506695,5.796410495773201
340.0,147.0,133.22819711450055,4.3338872579951335
340.5,142.0,133.83552449612654,5.754118454726996
341.0,143.0,139.05092429451253,4.602932852910752
341.5,146.0,130.27953588105498,2.668844169492244
342.0,141.0,136.1548647796699,5.336383209231026
342.5,147.0,136.24538229158392,3.651275327038084
343.0,144.0,143.21359096729435,7.576331640584678
343.5,144.0,129.94615793236318,2.942527851832664
344.0,147.0,131.69543816330702,5.105335199463842
344.5,146.0,130.2948263427779,5.923421718128554
345.0,144.0,126.63270889355249,7.032054534379819
345.5,148.0,143.8050394252081,2.719616790051481
346.0,142.0,128.77409859914889,3.9820746247324736
346.5,147.0,130.90007770862024,4.608229590277599
347.0,147.0,141.5604372953053,6.300042920988156
347.5,144.0,126.21606951920342,3.7237591381826216
348.0,146.0,138.7633626003314,6.684859920276514
348.5,141.0,127.9164830271856,4.319844531876269
349.0,148.0,141.21507843654243,4.347990995622886
349.5,144.0,124.1322163186902,7.578493733307607
350.0,143.0,126.21425767264117,3.4032015997111382
350.5,148.0,132.25699357909994,4.526831060830499
351.0,143.0,139.84071820475816,3.808670310539568
351.5,141.0,134.8268135007116,7.257544787442391
352.0,140.0,133.30302938946164,6.769179504032778
352.5,147.0,141.71182579121808,3.1358207036197614
353.0,141.0,145.75780244605986,4.245211256627474
353.5,150.0,138.34289117596336,4.045693043015199
354.0,139.0,131.86733223838806,4.926632224524661
354.5,150.0,132.89088958384812,5.894372455027092
355.0,146.0,128.53936785510786,8.053352243072403
355.5,145.0,135.48569186516474,5.732248428150599
356.0,143.0,126.83363982401285,4.627242392163836
356.5,146.0,137.740923030442,6.017010234384049
357.0,145.0,145.00947498209425,5.276644615760132
357.5,148.0,138.56956265285973,9.399582478701848
358.0,145.0,132.63586615291982,5.60764508519395
358.5,145.0,137.61629181705345,3.883775811860139
359.0,144.0,143.08427197972387,4.824349558053565
359.5,145.0,142.83407793020018,2.059382733855444
360.0,146.0,129.96281529607762,7.679191887665933
360.5,140.0,137.5330867018061,4.1606516798547215
361.0,141.0,134.1910973035435,2.0895184386607477
361.5,147.0,139.0145709934629,5.177692103227316
362.0,146.0,136.89967452297833,3.6632154425127608
362.5,144.0,123.13299770647225,1.4606288776982397
363.0,145.0,133.2415393224103,5.032264481787651
363.5,146.0,135.97439656837594,4.710091412182801
364.0,143.0,127.80977991810026,4.578493602240369
364.5,143.0,137.8867148032244,7.801348862487218
365.0,146.0,127.36152854525933,2.843613978136458
365.5,142.0,130.98940951680922,3.057818793736981
366.0,146.0,141.68816435239515,4.84236539606506
366.5,140.0,130.56271580957315,5.3090127816601385
367.0,148.0,137.85143954990286,7.791638876765658
367.5,146.0,126.21373616435105,4.02740442926211
368.0,146.0,145.3881780377202,4.184230771334147
368.5,148.0,133.4588365614582,4.468261680574404
369.0,150.0,135.45820878863307,4.011947698103158
369.5,148.0,135.87678873663933,3.7600508088403313
370.0,139.0,138.01943907555128,3.497323090162583
370.5,141.0,127.3857048389636,4.822587968499482
371.0,143.0,134.95492239971117,2.878575671463682
371.5,145.0,131.6877606249877,7.814887048699936
372.0,147.0,126.53381862350314,1.598162037730868
372.5,143.0,139.91721575453803,7.695274739028683
373.0,146.0,133.22073983589652,5.447105566640987
373.5,143.0,136.1942068819571,5.285765274130903
374.0,143.0,135.88083184753478,3.437662958122142
374.5,141.0,133.30734339201393,9.2680541645264
375.0,142.0,144.8567415220484,7.680719813802252
375.5,141.0,134.74528149074945,6.4549348551650505
376.0,142.0,127.19184316551114,8.279386208274708
376.5,148.0,132.9796979529779,6.978647568133289
377.0,142.0,137.48029285445503,5.10694300118241
377.5,153.0,137.64458030074724,6.951846519951319
378.0,146.0,129.54270007758566,2.986722555199693
378.5,146.0,139.62901729061832,7.097892100322664
379.0,142.0,126.16727010953929,3.2249192659704224
379.5,147.0,140.70228076697657,3.112969968778061
380.0,143.0,128.38486530820745,6.035048658199813
380.5,145.0,133.8503786588511,8.160383176958147
381.0,153.0,140.304448144028,8.910022642834074
381.5,145.0,135.57963309832982,6.865885592524771
382.0,148.0,139.06509734246234,4.21083713095998
382.5,143.0,138.07491455244414,6.454858800373817
383.0,145.0,141.41294782091748,6.634247490510671
383.5,150.0,140.29265400846305,7.13327547129914
384.0,143.0,132.71288321121227,3.591790875646955
384.5,150.0,138.14631292286182,3.678365648686396
385.0,147.0,127.34884544540576,8.151793725353276
385.5,143.0,134.69208021720556,5.288032942815848
386.0,147.0,139.07402842708717,5.662071769636154
386.5,148.0,135.6508430251245,5.267985108770436
387.0,147.0,137.21480341147992,3.2417475665309614
387.5,140.0,133.91524287406554,5.916666334991794
388.0,143.0,140.6269519415702,7.971308395012413
388.5,144.0,134.5795258853495,2.640305720533973
389.0,145.0,132.6543538418742,1.0697697350781574
389.5,147.0,139.41419181673976,3.027706685800263
390.0,146.0,127.9558051420722,4.074354044547406
390.5,141.0,137.4867714714812,7.355121368537474
391.0,146.0,129.7691803827588,7.858365600852539
391.5,147.0,141.3712389000853,5.990019846730788
392.0,147.0,133.67646848766051,1.7255709675361417
392.5,148.0,135.65652835799293,5.667764977223285
393.0,148.0,137.0444567371151,8.243161843503788
393.5,146.0,125.3331817723237,8.676229154314877
394.0,145.0,131.7286805461102,3.436609802809373
394.5,140.0,140.19933430032725,4.846978444919055
395.0,146.0,139.32042987474892,6.927169136708636
395.5,146.0,136.39676578087057,5.882816738553413
396.0,146.0,128.23428689676686,6.203793012538624
396.5,141.0,137.9091220581874,6.185096047383161
397.0,142.0,138.5486027049217,6.372943229812213
397.5,148.0,135.21669081951322,2.969556927070236
398.0,145.0,141.09745950685178,5.486542496048631
398.5,147.0,131.56444580324387,3.5871434390333112
399.0,145.0,132.43231686639461,4.754320325152375
399.5,145.0,122.55854685846542,5.110629517765135
400.0,148.0,139.5807423046328,2.2989360619145
400.5,143.0,136.55091457124516,5.9141929679390834
401.0,145.0,126.57250312822833,7.898406802631236
401.5,144.0,126.18860975392374,2.359751929452869
402.0,144.0,130.61845161703943,5.912127803755033
402.5,144.0,138.94989446379626,4.597165646218438
403.0,146.0,133.47980231345133,5.699462529075889
403.5,144.0,130.95767017059285,10.738600431561997
404.0,149.0,129.951025288477,8.152766713973378
404.5,142.0,129.72704496475356,11.594352613085723
405.0,144.0,125.31321324835669,12.899960302655431
405.5,144.0,128.94462559566261,16.90365434317742
406.0,149.0,129.62871435550866,16.946649413700808
406.5,146.0,138.39472093618022,19.831129807039225
407.0,148.0,134.1529894881614,23.1958403714056
407.5,141.0,130.85368053880717,32.50567176960979
408.0,146.0,146.53021853092542,28.57286091877605
408.5,148.0,131.66212018616116,30.841055211677315
409.0,145.0,140.81711932581266,34.83330318083477
409.5,148.0,143.08714754283307,34.17022384258897
410.0,143.0,127.13180306560777,34.78745397548273
410.5,149.0,135.35141957426234,43.09197216837471
411.0,152.0,132.39393649935337,43.88682615773982
411.5,144.0,131.98698277109781,42.595478503789565
412.0,144.0,137.75848883792904,45.976085169380816
412.5,149.0,131.86725227177806,48.72223428978001
413.0,150.0,132.50175952226215,52.56218761633336
413.5,143.0,134.14103027576803,49.36944883395001
414.0,144.0,133.11460841201165,55.12852115777478
414.5,144.0,129.11375371883386,51.75609636017292
415.0,141.0,138.96113727813184,55.33336496210667
415.5,142.0,140.22425944643248,53.3082726154614
416.0,142.0,136.69969770157059,54.70676194466618
416.5,143.0,133.09884149878314,54.58044920056009
417.0,145.0,131.45555107224558,56.24661049868602
417.5,146.0,131.46350443926227,56.10939859031848
418.0,150.0,146.76848657905802,55.49362563448631
418.5,142.0,139.6707962617277,57.11891400047263
419.0,148.0,130.7810543609778,51.97341505970839
419.5,144.0,135.8050938910802,57.04685188282623
420.0,145.0,133.16892962839768,51.81488097750528
420.5,147.0,137.90060663467594,49.91915594435927
421.0,142.0,137.6991002678412,53.59508773580806
421.5,146.0,140.39965302342185,47.99226319962227
422.0,145.0,130.7288224605835,46.459927662992094
422.5,146.0,135.50528124708515,48.46297017059945
423.0,146.0,126.23886982910686,44.57675723339639
423.5,152.0,128.69490325175028,41.75832089368904
424.0,143.0,139.40210893669038,35.96994368323408
424.5,143.0,130.22818579686785,39.42924902491659
425.0,149.0,130.77706076365521,34.34134089095397
425.5,149.0,134.94021438114424,34.128144802796385
426.0,149.0,138.4554099081272,31.975477015941596
426.5,155.0,129.67747077472401,29.105515863722975
427.0,155.0,117.57756061009407,30.455541011866863
427.5,149.0,130.63048854317694,23.2649047056827
428.0,149.0,141.00974514365868,23.56254587281593
428.5,153.0,136.69728000897885,18.96129525765645
429.0,149.0,141.60097877283056,16.672239076776883
429.5,153.0,129.322524043231,16.007718437983687
430.0,146.0,126.7846234155742,14.521297630441424
430.5,140.0,137.2943475171322,7.14337546510055
431.0,150.0,136.18171844231972,9.296248119704128
431.5,150.0,136.50937635578077,8.588195122538696
432.0,143.0,139.64658796714733,7.584352794727209
432.5,144.0,137.0900293734558,5.570472222695329
433.0,146.0,137.0096927195964,2.7395410268107985
433.5,146.0,138.5566398229002,7.156016553872267
434.0,147.0,137.49368791482962,4.1953327241798295
434.5,151.0,139.2688344124815,4.177300347915889
435.0,144.0,140.0242088777874,4.952621273989717
435.5,143.0,142.64004876009906,3.2341344399289174
436.0,141.0,131.7356481293761,6.384984037027267
436.5,143.0,137.38441529094823,9.083865079460924
437.0,145.0,133.129987910908,3.056624505713553
437.5,150.0,130.81380981749817,3.705454592266189
438.0,143.0,131.53390314849267,3.892980937195644
438.5,146.0,137.45638234170212,3.734581401853773
439.0,145.0,137.07286752782449,2.597489873976972
439.5,149.0,136.98366490008667,2.3508109049823167
440.0,153.0,133.8530365160478,0.6720312396461736
440.5,143.0,134.99867850978654,4.213938713914341
441.0,144.0,139.07036823327473,4.061323336541164
441.5,148.0,127.53463945564796,4.060359309117818
442.0,147.0,135.10481524603742,3.44705367804618
442.5,151.0,135.43138549452843,4.470481710708218
443.0,147.0,138.74812609928273,4.203552401778627
443.5,144.0,128.23036269418037,7.079414067954641
444.0,147.0,142.45727348148154,4.361846826551105
444.5,148.0,136.04975687603704,6.033134282626848
445.0,147.0,136.31450748736916,4.206309272522467
445.5,147.0,132.97470596723335,3.764213240409565
446.0,148.0,137.67171652787871,5.718078427902444
446.5,149.0,135.22137500531002,4.251775480479609
447.0,149.0,141.02651447442682,5.228488885859134
447.5,147.0,127.77413351357642,4.7000449450543424
448.0,144.0,135.85933390334702,4.493635935051869
448.5,145.0,137.02416649578163,8.37568607517864
449.0,149.0,134.04974278207902,4.829382168510498
449.5,143.0,132.95827563735926,1.8603180795964291
450.0,146.0,133.16681835905095,5.628052758665714
450.5,144.0,135.85480110073362,7.307309516493698
451.0,145.0,125.93181024899096,2.313309461094928
451.5,149.0,139.80667955921064,3.032846205654492
452.0,146.0,132.58094541541524,0.7389730718484975
452.5,145.0,135.6206182407284,6.297278763102943
453.0,141.0,136.81711608783482,7.431365144480723
453.5,147.0,132.35257781732972,7.6541398283301
454.0,147.0,134.32641271889952,7.08456021800533
454.5,151.0,124.80540355076697,5.307764665832974
455.0,144.0,138.64222279055986,4.735057120002872
455.5,146.0,140.3819497555053,3.233334851963005
456.0,146.0,126.47663699420072,4.291169368809696
456.5,150.0,132.94914037041318,3.567333331582652
457.0,145.0,128.83225786269043,6.656736259358758
457.5,146.0,134.09290314645745,5.580759578128853
458.0,147.0,138.22478642749928,5.351852048302011
458.5,146.0,139.9181492501776,3.749626819454228
459.0,144.0,140.59087070102873,6.621616867075029
459.5,146.0,141.53432387735555,0.1839772339713734
460.0,148.0,133.86954086161666,6.599192699221323
460.5,142.0,129.2468116102273,5.202673986382546
461.0,145.0,134.40865325235464,4.644905463200757
461.5,143.0,138.14794226541235,5.627215268827007
462.0,149.0,128.8453058492902,4.691310727200081
462.5,140.0,143.2822895211357,5.639915010487145
463.0,143.0,139.4710474476962,5.13735653088873
463.5,146.0,133.94876891173783,2.5557556347186385
464.0,150.0,131.42724510183828,2.0511690454523674
464.5,145.0,131.63599934833127,3.356749118377791
465.0,143.0,135.35263582289525,9.024027053919022
465.5,151.0,133.83459174024273,4.089586496256818
466.0,141.0,139.73411853030763,3.3857196783355654
466.5,138.0,133.26672561238135,6.275645754048872
467.0,146.0,137.50911380695194,1.8054165765788583
467.5,143.0,134.83698033302014,7.338641377230122
468.0,142.0,136.32995154087985,6.017699892267773
468.5,147.0,133.83132257591257,5.456180625567876
469.0,146.0,138.5201824601426,5.843709745939651
469.5,143.0,138.59430515534487,6.09992431435265
470.0,141.0,137.28124988300522,3.281673233148512
470.5,148.0,138.019176389642,6.359675278153326
471.0,147.0,130.25976086617922,7.425319784232746
471.5,145.0,136.5978335684394,4.107317049002988
472.0,151.0,141.22761359133216,3.58987141518624
472.5,142.0,137.43862758899198,3.543398736977058
473.0,140.0,129.82801723988686,5.2810323633397065
473.5,143.0,134.73277220564907,0.1
474.0,145.0,136.85649444559303,0.9003868530017591
474.5,146.0,131.19460716940293,3.988369783880701
475.0,144.0,128.19024877027772,6.342456146158578
475.5,146.0,133.40111541171186,2.998963643852532
476.0,141.0,131.27744271405598,6.344995877325005
476.5,149.0,134.91015959694465,6.627029682763905
477.0,145.0,127.02458151641305,3.7007854880804665
477.5,148.0,137.80511006657525,4.03892585536624
478.0,146.0,131.8085795774277,2.6110876450703064
478.5,146.0,139.96036593730128,4.923605210403458
479.0,147.0,133.5971105549126,6.677243647467135
479.5,146.0,134.85465952197205,5.338710617080046
480.0,147.0,134.1164303604099,9.156354452673405
480.5,149.0,131.5408063033931,5.282282857058025
481.0,146.0,147.3430020652578,8.280234575001083
481.5,147.0,132.50227386385805,4.921500158266567
482.0,145.0,140.0992123662228,5.022966431013743
482.5,149.0,129.51346002357752,4.678090714949811
483.0,143.0,136.8422617093603,3.505184885313274
483.5,150.0,137.37596557355366,1.972106853386196
484.0,145.0,134.86071986840383,0.1
484.5,141.0,132.1265811556966,6.722460092927849
485.0,145.0,133.66499524082468,3.4357749788037166
485.5,143.0,132.9651572440289,8.636203855859598
486.0,148.0,146.99173616307178,3.8013175707976816
486.5,143.0,134.00579802060807,4.285923843279932
487.0,144.0,135.90400077224433,4.011607111925917
487.5,139.0,141.39485317126537,2.2338664897089147
488.0,144.0,127.38035896133067,6.731452468738469
488.5,138.0,131.3133017750062,4.22079336027911
489.0,140.0,129.24731636637605,3.010835782849782
489.5,147.0,129.75050417223798,3.903320644678479
490.0,147.0,129.00502856511218,6.38626632630204
490.5,146.0,126.09820549318401,5.0944820421550885
491.0,142.0,130.73464234631825,8.330308341091323
491.5,145.0,124.5869245136191,6.540665733065574
492.0,145.0,135.12561008619988,2.2931645666061087
492.5,142.0,133.70979605805604,5.514155631472644
493.0,150.0,128.65768652734644,9.957360768712604
493.5,148.0,129.53703569433227,4.467074304197425
494.0,144.0,133.8642805308798,4.396206432046369
494.5,145.0,129.28683030089366,6.606400517749003
495.0,146.0,143.17871408850652,1.8651004497799877
495.5,139.0,136.77123339735334,1.672149536044559
496.0,144.0,136.94792051081288,4.484157196504738
496.5,143.0,138.38883015568092,5.303699696381254
497.0,142.0,132.08428838354413,7.768901072701581
497.5,144.0,140.42665466281835,5.019985655705606
498.0,150.0,135.55427158497181,3.5430176158408555
498.5,147.0,139.73233210888864,7.45839432807605
499.0,143.0,133.99183912105283,2.0914886035670315
499.5,147.0,141.5679958875504,5.945006949116012
500.0,149.0,136.98832288901843,7.087029295270799
500.5,148.0,145.8941398747799,6.591144900498525
501.0,145.0,133.13399666978333,6.85779558075936
501.5,143.0,136.0043517343482,1.3133831867098884
502.0,147.0,129.8237235195437,5.681475041018603
502.5,146.0,132.3351135661634,8.135072017960594
503.0,148.0,138.075037493134,1.2827609400041244
503.5,147.0,140.628226941592,4.439539474703261
504.0,148.0,149.8066565124981,5.115705067617342
504.5,143.0,134.49846022077838,5.537820603850831
505.0,149.0,130.3155377156665,2.3079803679432405
505.5,146.0,138.7482335557807,4.019934181610041
506.0,151.0,129.34246865138795,2.232802643697873
506.5,143.0,137.80299169402818,6.577429690219436
507.0,150.0,132.47032617292388,7.188037036568397
507.5,146.0,136.03957960579646,3.773260621382245
508.0,143.0,140.4368352647178,7.168090706544547
508.5,144.0,134.42793760849102,9.19445435648699
509.0,144.0,139.6460001755376,0.3957993385578406
509.5,146.0,139.34739749699023,2.838771239276632
510.0,147.0,125.65994711234902,7.7854805409823165
510.5,143.0,130.47360102371664,5.282953277292457
511.0,145.0,127.17257044691713,7.192764644157041
511.5,151.0,144.99029026654517,3.3519316219978785
512.0,150.0,134.45464512670785,0.5354215726365457
512.5,146.0,143.8857508187277,1.5527169489966033
513.0,145.0,126.81684335118457,6.286445600502862
513.5,145.0,132.11776263115186,3.4475582883177696
514.0,147.0,138.98409596272435,4.332051449494776
514.5,142.0,135.8779777760279,6.8874432742710505
515.0,144.0,137.64590421796177,4.256492604899114
515.5,140.0,128.7125635849282,2.743788299799572
516.0,146.0,141.86562221828913,6.125400766436973
516.5,147.0,138.86668523268094,4.531634954535402
517.0,144.0,136.98973228135185,4.14586635007864
517.5,150.0,131.55355334848545,5.805357691160744
518.0,141.0,136.6006053919242,6.230219354002087
518.5,141.0,133.52415485892703,3.91215307574188
519.0,146.0,126.72914870370568,9.29912644220504
519.5,148.0,134.72949049528705,4.775838531904059
520.0,150.0,134.19795276278185,6.865891568459357
520.5,144.0,140.2936123032701,5.350387783047161
521.0,148.0,123.80947254232348,4.516757411457635
521.5,145.0,136.157603898168,5.89629672637318
522.0,144.0,129.2037645133659,1.3360211413033336
522.5,148.0,136.5777214648722,6.937619568828249
523.0,147.0,136.853005031781,3.663970158816878
523.5,140.0,134.54738086824352,5.704594917461465
524.0,149.0,139.0180703779499,5.040217500763807
524.5,149.0,128.752774458396,5.241273448588549
525.0,149.0,140.52020700530298,1.3546189189755609
525.5,152.0,131.44121042292377,5.399078117218554
526.0,153.0,127.202111501445,1.4561398538256776
526.5,152.0,133.61962490139544,4.628402709398328
527.0,149.0,124.50581714049456,7.457024036484757
527.5,149.0,136.2524742151255,4.978556329161963
528.0,151.0,133.68535254099336,2.914493705613429
528.5,155.0,141.15003936077466,3.4644015389284446
529.0,153.0,138.22622580642945,6.470680913194456
529.5,150.0,128.02162306795444,2.4838788857920395
530.0,147.0,130.78966729830506,3.160034479537016
530.5,136.0,137.58492685656554,5.651209485872878
531.0,148.0,139.21699980381965,6.461752163228216
531.5,140.0,141.0941093283289,3.640807546069212
532.0,144.0,141.05415118042123,4.356189737360968
532.5,142.0,134.53399170265496,5.464422742740895
533.0,141.0,136.79488286515033,6.570732300157136
533.5,148.0,141.47529727361348,0.3456011232758582
534.0,144.0,133.46506244421474,8.96149290810434
534.5,146.0,136.8802356885951,4.989039643593869
535.0,145.0,133.34720085549623,3.3896879446473767
535.5,146.0,134.04552645519146,4.390166117503834
536.0,145.0,138.8462120933006,2.6987217157115047
536.5,141.0,136.94142101619428,6.121834701386615
537.0,148.0,141.45595241386752,6.015444500448943
537.5,144.0,138.6097540271993,6.6001417955748725
538.0,140.0,144.4376765213323,2.7119328369221263
538.5,144.0,149.14893668746296,8.209440685787985
539.0,150.0,145.3864881489912,2.474552133965684
539.5,148.0,149.69260931116537,6.239667784413938
540.0,144.0,151.54063793497778,5.082790600481014
540.5,144.0,154.1766597688772,3.938403714672928
541.0,144.0,152.17981687398608,5.434173347787285
541.5,151.0,159.06693113729426,7.903317948317445
542.0,146.0,143.77268136857037,5.814238620987241
542.5,146.0,169.45035876295097,6.302230610914685
543.0,148.0,150.7309877109983,3.488847300704804
543.5,146.0,157.26679459669833,5.003655975317493
544.0,144.0,150.5575049288987,2.9862810822259647
544.5,144.0,158.3079973287324,5.769310046967381
545.0,145.0,156.14444029008672,8.446743939769288
545.5,145.0,151.02370798910454,5.399060262198479
546.0,147.0,159.00303615500678,7.516141675563594
546.5,145.0,152.02791168250255,5.910563694715101
547.0,147.0,154.65006500005552,6.973276597048127
547.5,145.0,146.2581259408913,5.2480374629442
548.0,145.0,149.4917123706529,4.25628198681126
548.5,139.0,158.3473421659357,6.574024311554376
549.0,148.0,151.7218128649543,5.828920484656916
549.5,146.0,146.92575223449944,5.44240844567511
550.0,148.0,141.53992421181098,4.20949828290988
550.5,136.0,142.4480249570913,3.447899186862145
551.0,151.0,141.36696822375416,6.5259463402623705
551.5,145.0,140.85042867647033,7.888870574769415
552.0,148.0,131.41696448663026,5.388583492670973
552.5,142.0,138.3236445586063,6.441818377839023
553.0,147.0,129.53363926242122,2.678658894080248
553.5,142.0,143.13723401530385,4.709326768031089
554.0,143.0,131.1234631418101,4.230246445099998
554.5,151.0,136.46474635227537,3.406904654855608
555.0,144.0,140.00731762028457,6.340973327653455
555.5,146.0,133.71970453657224,9.352596486307853
556.0,148.0,136.6846048493938,14.307219318360106
556.5,146.0,142.15751249984476,11.35721250947157
557.0,145.0,137.80361969336082,14.966772191137403
557.5,146.0,136.75935790226626,16.027999491415088
558.0,152.0,126.55767777979217,24.848750938274744
558.5,145.0,130.31299349019338,29.46952002032895
559.0,146.0,140.21620539214456,30.95157322803581
559.5,148.0,137.8313562806014,37.03451464381935
560.0,148.0,138.58893612281986,43.23746403169776
560.5,149.0,138.158589414969,45.87481135550035
561.0,147.0,141.43038739577136,52.14228159730535
561.5,142.0,133.67460512911887,56.8155369565909
562.0,150.0,135.58410454784098,55.0153707755449
562.5,142.0,129.83823308824907,64.82345403122949
563.0,146.0,128.5914918367126,61.812103846101735
563.5,143.0,126.7629011759542,67.28915063650264
564.0,145.0,130.55578725889524,70.81563560039027
564.5,146.0,142.74441383134268,71.80641569520964
565.0,146.0,127.21796941481429,73.855769606033
565.5,146.0,133.4639248260085,74.92047168218886
566.0,150.0,128.51587813566368,77.102125838061
566.5,146.0,131.97673493887768,78.07628006327681
567.0,144.0,135.83007371565458,75.61149762674174
567.5,148.0,131.48102538786944,75.45688800883266
568.0,149.0,140.42992907897678,72.53130902584431
568.5,141.0,144.62539809485872,71.64900371053311
569.0,147.0,127.66803888284755,69.99857940235084
569.5,147.0,137.42490845419744,71.51968838718325
570.0,144.0,143.0147659921304,68.81110562554119
570.5,149.0,150.16652838276013,67.31675467894361
571.0,145.0,145.88294444593657,62.23926672444218
571.5,145.0,151.53981910981264,56.53377166921472
572.0,144.0,149.153915942549,54.21455832364903
572.5,145.0,150.3330051560518,53.94591844332584
573.0,142.0,167.99652491707144,49.9114619532284
573.5,141.0,154.0917764163549,41.46732582036242
574.0,150.0,176.9296833046123,38.71887103621309
574.5,142.0,170.58688469496437,34.26562950656361
575.0,142.0,171.61045132388944,27.4044824681614
575.5,139.0,171.89431462886864,27.10630462069904
576.0,143.0,168.10635205008094,20.05706207438714
576.5,141.0,171.22659557865853,16.772200079522477
577.0,150.0,167.76651006242213,13.580259712644716
577.5,148.0,170.48201037689242,12.211050202115066
578.0,143.0,166.13437343245235,6.688324633674936
578.5,152.0,159.74428104348178,4.5965497007598
579.0,148.0,157.97627908786137,4.331540045830723
579.5,144.0,154.91929021817575,3.2896807507133894
580.0,138.0,161.9283958534958,5.400154658630188
580.5,152.0,150.9889553860563,4.324094827890404
581.0,141.0,141.33739594867728,7.53351077430689
581.5,140.0,151.4539402566036,4.516187888677132
582.0,148.0,155.4975199116744,6.354940404735916
582.5,152.0,150.14132115475365,3.871946719887872
583.0,149.0,141.51932542657468,6.11230919164687
583.5,147.0,134.78499680279285,6.285284032014991
584.0,147.0,140.1685295891655,5.333320138993877
584.5,148.0,138.11739813264373,8.747071498634181
585.0,147.0,132.10950943904206,5.098231305657087
585.5,146.0,137.73679126510717,5.849612475511995
586.0,145.0,144.21473725804685,3.291090831251404
586.5,145.0,136.0930183411859,3.502945840472112
587.0,143.0,135.7839857888887,2.213226400934753
587.5,144.0,130.29546450972538,3.643061093405307
588.0,140.0,141.96867826919635,6.303339624607672
588.5,145.0,134.60588391984442,6.290400041340178
589.0,142.0,132.08678847792362,3.997409501220787
589.5,142.0,135.30004672215256,5.9415135052271175
590.0,146.0,137.34141142012754,5.214899844295079
590.5,149.0,135.677681797119,2.198748042149806
591.0,148.0,141.01237173224746,2.9002947182008403
591.5,140.0,136.9014625166288,3.747094856605224
592.0,142.0,133.56189569948182,4.948128744067602
592.5,148.0,136.98756583552893,4.91306069419011
593.0,142.0,137.47979025952426,6.416154826517948
593.5,144.0,128.49972515757528,6.767985669063336
594.0,147.0,140.72870339521307,7.57618260441267
594.5,142.0,133.4770846570877,7.834310304928332
595.0,145.0,133.60498863636732,7.642598178059808
595.5,141.0,138.73848468927423,4.317905316793063
596.0,143.0,138.7174308751924,9.247363910261043
596.5,146.0,131.47744635956406,4.863369466060338
597.0,140.0,138.99611284462293,1.8605515078191504
597.5,146.0,132.17936399644685,8.19972546333619
598.0,145.0,144.07946998738777,1.0939415597282791
598.5,147.0,130.84063484756567,4.217797131192592
599.0,146.0,136.17899206242396,6.4611888794793
599.5,149.0,131.07151656935645,6.15507613515013
600.0,145.0,146.09508289956986,3.2943682994431205
600.5,147.2105853160213,128.7925000334589,3.694702272878041
601.0,145.61050929075026,137.60341849015904,5.649988965346772
601.5,147.3695595037449,131.3070526815055,5.929947744007518
602.0,151.8863973688542,133.21106654665456,6.07151485753852
602.5,145.72547210652925,137.24929392262035,3.113395090280738
603.0,142.59707937569044,141.1045269420252,5.579515282581272
603.5,151.51859209877438,143.09858756538972,4.946320842049428
604.0,148.40715746991918,127.29686495376288,4.7399668549937175
604.5,143.47398812472258,136.3203608757168,1.3272760298842443
605.0,147.68258700894356,142.2790727708121,5.7077017613327445
605.5,146.93237307949576,126.55505006008478,5.127756823454526
606.0,141.9195612892493,136.55352222416872,1.5377756150505104
606.5,147.1527996646656,134.97118576679358,6.720677595390234
607.0,138.83890170021175,137.05431382579343,0.905073877464086
607.5,139.95411666179425,131.12008462726212,6.964375339720318
608.0,144.1820395030686,127.80351061282728,8.284543285666667
608.5,140.87114994311372,125.41607262799937,6.495913026757503
609.0,146.57757257799554,139.863524521205,0.1
609.5,140.7980696340927,140.50185043631126,9.04559638248497
610.0,142.17711128365835,136.49503149887443,1.7335221346803409
610.5,150.8371558353412,132.310863005454,4.250094243333234
611.0,142.0540704674266,126.86637528656576,3.851417065540817
611.5,143.2138980890665,137.79833206641962,6.508410438061253
612.0,140.18111461615396,129.47770833971106,2.3576727380254696
612.5,142.79087231827106,131.4251116300918,4.260184390901057
613.0,146.75418579681738,132.0487843560809,4.945176545486987
613.5,143.98144884797188,133.99392862540964,2.9095584981434945
614.0,147.587355745322,131.18640251785123,5.203438288902969
614.5,140.23947999866084,135.148898608856,5.543255642403616
615.0,143.56298199919013,131.87251325136253,5.080086052624797
615.5,143.29318320829873,138.48847007809061,1.561497068394201
616.0,151.10168479218177,140.13691932383475,5.119330021090744
616.5,142.65339483848442,135.5243181340367,1.880399678280669
617.0,141.78607045198922,137.2947364308,4.399847823087349
617.5,145.44014996595382,145.57088450202394,1.246653425610916
618.0,140.50744717101372,129.1185884695879,4.051002046626247
618.5,145.1443162173049,128.81426424749395,6.3930223792004695
619.0,136.0328331974087,138.45659425777887,4.539541374620153
619.5,138.1514853107092,144.71431894146832,7.700368730202478
620.0,145.38449663896148,133.67911194420088,3.148180994808458
620.5,148.07623293044006,143.61577396498828,4.353914721369678
621.0,145.3072440233727,135.46377334786195,4.109815154695524
621.5,145.6238545856031,131.57716834369907,6.614490803470099
622.0,145.93402166536228,130.02814281070596,6.365499828642603
622.5,141.03695319987057,138.12867267832843,4.201963740322935
623.0,143.28192741900912,130.406809414981,4.705039062379796
623.5,145.3129928802788,135.38798896772963,5.758714317540465
624.0,148.60796710938604,142.89892988081496,4.886205848849929
624.5,145.71060472758822,133.44770278953763,5.803458551749952
625.0,137.58668249542492,141.55165212711398,6.757421519243216
625.5,154.53291087998014,128.90888730526245,4.736148699475564
626.0,155.574991964131,132.3120592473105,5.039394662410155
626.5,153.8447126479792,127.9458846228199,7.123081796395022
627.0,159.344702640304,135.34658853376126,8.511706197613163
627.5,159.36337778552644,138.8819956524774,2.2853856607930174
628.0,159.5117643054696,135.3575401919254,5.562119392347732
628.5,151.1778766057737,141.11685505374524,9.334275030581786
629.0,153.39748626786587,131.23570855074883,10.440009083944329
629.5,154.00521450054083,136.10831852233983,5.348803764779888
630.0,158.01390898295605,132.3442581358252,5.9194761565502585
630.5,143.5248725922603,136.78998768101278,6.692002308123459
631.0,142.4411247719106,137.5002849849566,3.201999660824084
631.5,140.10722560767974,137.8935845538148,8.034883455934779
632.0,141.51055849219642,129.6286330627165,4.8306698618693895
632.5,147.89858021195255,130.53287424496165,6.829892486119183
633.0,146.3357462598516,131.46016621293853,6.173473757753003
633.5,145.80507718042094,133.7872010145615,8.412230991857047
634.0,148.76004452856228,135.41753677492665,6.040384811528494
634.5,146.3595121902247,138.52205036317787,7.118477643543215
635.0,140.92842326146945,130.74111125719833,0.5770619885627442
635.5,145.19363810096323,126.97650826538572,3.0882032250240994
636.0,149.26994001712163,145.76032056992844,6.280702472336129
636.5,145.58647023332134,129.32433965063234,8.133230471786845
637.0,150.0690310455675,139.16322336887225,4.901877556111651
637.5,140.1436994154928,135.13793914013786,7.706337026671209
638.0,146.07801227174332,136.23813295792638,6.842537219176935
638.5,145.3971865678977,134.97385222471496,5.930709172316019
639.0,143.94871856179176,133.05739534415886,5.345890670577446
639.5,145.94878621511876,137.30146616851178,9.672025394393868
640.0,140.52212652239896,132.788668722608,4.913638502379583
640.5,144.66794565913114,140.81311849007844,5.909368375631924
641.0,145.775483698145,137.82380978517526,8.4037924992519
641.5,146.2913333239776,137.97957532030196,4.94139279850197
642.0,142.66066704229786,132.44598945361153,1.89503019770136
642.5,142.02497005834445,133.79983106844952,5.61864023269058
643.0,141.50633439019225,129.04204071068415,7.257298634693532
643.5,146.80564937762537,133.21652447026668,1.940602471531805
644.0,148.09051533201466,129.798725172113,5.409460582219955
644.5,141.25750243394734,141.54694733183806,4.028643334091471
645.0,146.31527491027376,135.23428383186453,5.667728177453877
645.5,144.06275207065218,135.83409092909665,5.926288645254216
646.0,149.19423794255886,133.85587211714437,6.208516092194804
646.5,146.1998545387033,135.96949936415152,11.590553419333666
647.0,143.00802219660935,147.3059929331829,5.560247598198563
647.5,143.3873610277365,133.48090333193204,6.623419447944276
648.0,138.6463129993085,131.72953958034452,4.272776169839485
648.5,145.81900054796156,137.6300704184217,6.218810441356757
649.0,145.91331945503933,122.35301158588204,2.177724611206296
649.5,143.05162876196,135.30138868844915,6.082761707659361
650.0,144.08768070261848,133.12304023743,5.156997744762895
650.5,141.61502621541845,130.02003842371403,3.138988375533206
651.0,144.15700350656724,137.520393105452,6.76645047815037
651.5,144.7793352774577,135.25154684612346,4.196312306608225
652.0,138.99175560811864,125.9695602164234,3.819575077049113
652.5,146.70136857064458,131.7489571479323,6.320111978046136
653.0,145.4428994174903,120.54024872793086,6.128632129417163
653.5,150.47067402923824,136.447951324562,7.88735670696512
654.0,143.55249307839827,136.39810184609527,4.368976196500714
654.5,144.86316726286032,131.01519528472613,6.756244245565002
655.0,145.08864540061904,137.68216831231013,6.137523096815608
655.5,142.01914859266478,128.56911164828688,2.518746176030572
656.0,145.2583101169928,130.14901962421953,4.61836197903045
656.5,142.9283614572906,137.06755707580731,4.287370725689061
657.0,151.8324510225683,131.53827097907978,7.2985604980720975
657.5,143.25891292639963,134.66831997288227,2.339743843648069
658.0,147.6048492761364,132.16335961676276,5.455315788627956
658.5,147.83274897369952,132.92694897239858,3.23330327041359
659.0,143.47863508435046,133.14548367411953,6.292352852960296
659.5,147.685360414384,131.4478209678036,6.749009100216488
660.0,147.15285958901072,136.4938533256951,5.662513643021119
660.5,146.6218460463427,131.84196232012474,6.872172609108395
661.0,141.29087299748082,135.0600383228725,4.432135426120522
661.5,147.30048059423837,131.33794634702247,5.724989357665968
662.0,141.8883867898944,127.3101116219722,4.780928157194797
662.5,148.36043925922303,139.5437810001903,5.527297821504654
663.0,149.82754882168348,137.47923967937152,2.9898292085572926
663.5,142.3140872395358,149.8821989552293,6.740866210444822
664.0,144.0724638615785,136.58180530517342,6.400331705041217
664.5,144.40630733118064,143.93371437459558,5.783424099274087
665.0,145.0185214319171,147.2401370121477,7.409539297861706
665.5,138.76890822174036,155.38177166319315,4.983392689180414
666.0,145.66765339636746,150.0301087783692,8.232546638822619
666.5,141.60634004214353,148.3615158870357,5.90102446886632
667.0,145.81928896471277,161.3821646666976,2.890476346461621
667.5,140.21248176442532,154.33085193832082,5.998772602494289
668.0,149.34609191933686,160.30731963325718,3.269845843176169
668.5,143.51981862540566,159.15411012835364,8.007340746602097
669.0,142.02970302244054,154.06727278840347,7.328089175006575
669.5,144.66688820352198,151.69407972385852,4.60390823457899
670.0,141.87701062915622,148.47710044013348,2.291994808759042
670.5,145.5987694133077,147.8067087725768,4.592996120944387
671.0,150.09924631196233,149.2940179421089,6.085595777017598
671.5,140.60290096184187,137.8194685998668,6.651300620465996
672.0,144.95522493643287,138.98301676228658,3.042073475979839
672.5,143.22958265260328,129.38844761290045,5.796165494788953
673.0,146.98870509354407,130.01107358868353,7.168736536614338
673.5,143.06351792538533,134.82690976811637,1.5477698200224417
674.0,141.75468016882286,125.18081471242533,1.4328345669505138
674.5,146.69093241384562,145.28439783697473,2.199334332434025
675.0,145.25469201954007,129.01630497934332,3.851110654185822
675.5,146.55089787073206,134.78116219061172,2.7915232907589997
676.0,146.79512982510215,140.8226933629788,6.208750918382763
676.5,141.43065722746735,130.667078060142,2.70618006615088
677.0,145.99182989273675,123.4681198061709,4.351735677888217
677.5,146.74444681418453,132.75687595327113,2.814655870390705
678.0,144.2833412687166,130.6075028535139,5.912485557118663
678.5,151.1462955899943,123.59973721093448,5.145440333117574
679.0,143.50290451047195,136.40605421675548,6.958835848664944
679.5,143.20251217882716,136.01707406505923,2.778246082595041
680.0,147.1785982514287,140.69323702658625,3.2576518611513725
680.5,139.52063553191186,129.37749292629255,5.249282616889846
681.0,146.86609093871908,126.98592232165942,4.13508476013192
681.5,149.8381142705269,132.94798933866156,6.2213708911000944
682.0,141.94862761179644,134.539891458849,4.178562277392912
682.5,148.3609185480842,139.58835276882698,3.99401687222206
683.0,145.26273951185115,142.0344447789203,7.49538289272216
683.5,145.41975602652036,141.05400042343123,4.186157882671522
684.0,153.9496259331824,136.36432308835782,4.955301886039357
684.5,143.3174351577279,138.97910102141523,6.417067919452255
685.0,145.50931270487206,131.77913758004857,9.904337940402575
685.5,142.857525087393,135.82358071627073,6.313704577261688
686.0,144.9969911959512,129.02515405745547,4.5970506751648434
686.5,141.1110434461046,135.29503173832884,3.271681903918271
687.0,144.711612951081,137.55266948106927,4.006344357699356
687.5,148.81681591173,147.82607583474874,5.362579088732228
688.0,146.97068191978752,140.13307050601466,5.500630803266677
688.5,144.46048986866467,143.7261416290996,4.482513845366061
689.0,150.77320822646467,146.37356617198074,5.882788605866602
689.5,146.25926148538048,144.72274995055537,6.514874420803389
690.0,153.22431086773926,144.669187609367,3.188961713478926
690.5,146.6046064669226,156.71992662865216,8.29653936825343
691.0,140.99315169171234,146.70907472834986,5.797352902865222
691.5,143.52048602533955,146.19119610991825,8.710087932639901
692.0,145.92781438700302,157.26608113184295,7.1299045302806565
692.5,142.25965793762722,160.49402954583263,11.59834284466527
693.0,146.62092399492548,153.08571988112925,0.3976630200254867
693.5,147.59060528248253,153.59138047460624,4.087262680784137
694.0,144.42787138433505,157.3999113108784,4.204111858174597
694.5,140.24857155466958,152.44793029662853,8.467700872232612
695.0,138.37542892923892,151.8630853097958,2.0617611999907783
695.5,146.76211623054763,159.74073110906428,1.4884274408109843
696.0,148.63127353185317,157.74061083963068,3.644661857332729
696.5,145.41702423083987,160.42054866695608,4.19852940218162
697.0,139.94645827522564,146.56784140652715,1.9794930844817171
697.5,143.48351851453165,149.10134950859828,3.274895415859218
698.0,142.9549390432732,151.63176781576416,4.70890434242399
698.5,142.6218710869914,144.0535470265534,4.111527161858793
699.0,142.88965544952765,150.20528871577088,7.313009779223055
699.5,142.93737168144486,151.31189452955218,4.274231512054699
700.0,140.2513985787772,140.3591375796964,5.514683165188888
700.5,144.22277535319023,141.47094451460106,9.694269088864711
701.0,144.28141605790384,146.49352625672947,2.307567562172395
701.5,151.3582653379106,146.1057938691742,6.021195922100718
702.0,148.35384582360496,138.7106110091965,4.330340360596786
702.5,139.47253063286902,137.94875061986252,2.4081956668310243
703.0,141.17590553273408,130.71292208046992,4.1698951445992
703.5,148.69779188232687,136.7776517561837,6.557696174284059
704.0,147.47876496338682,137.76570895776948,6.074830931974411
704.5,147.54893893359665,133.92975396108926,5.900611182255831
705.0,155.32532237215065,132.0077234811162,9.094370760409625
705.5,144.91251086275517,128.57511638651022,5.294420424196952
706.0,148.15984685527405,126.29295597863802,3.56820022194377
706.5,146.7083282099224,125.24218718728868,3.313555887195176
707.0,144.36033130998203,137.87881761823078,1.7702648825842724
707.5,145.7475518379587,135.72010138002838,4.154346704536827
708.0,146.20087796887563,132.562549096189,7.318748889498705
708.5,144.08670324638592,133.3243232652713,6.849901913556608
709.0,143.83119083926235,136.03395746154692,4.153235075761421
709.5,143.70201585086403,134.15878939885152,7.663020949943098
710.0,144.96370506792843,128.27883885387536,3.915847572160165
710.5,151.03209141439888,139.546605855266,7.259876442133734
711.0,140.98879003265975,136.50223560724353,8.08004497283395
711.5,148.0411730303683,136.31109715296373,5.042538837291772
712.0,140.359661496095,139.16941827068635,4.463575009433947
712.5,143.16858098335925,130.9133779735961,3.4297113737992806
713.0,148.07235656755947,141.0502619425237,4.150694157465487
713.5,143.1993757710406,134.28139049418328,2.543537266365124
714.0,142.4731325767467,139.42459915554886,4.493176121363792
714.5,143.17947061856322,138.65384992133275,4.409984783094282
715.0,148.64288838306538,129.7875956138817,6.848026098703365
715.5,142.80878464014984,137.49610677846516,6.6050305583066695
716.0,144.910449706231,136.61297810812792,5.348653545943055
716.5,146.2131638512612,135.1331630413662,1.7401883860944367
717.0,141.76722040914814,134.5097460037176,5.468633256864318
717.5,149.4831015901184,134.55213850530552,3.812781502256916
718.0,149.5622102515499,139.04505188211448,5.4621453664905735
718.5,137.84802778763114,137.87115732285204,5.590604351882116
719.0,145.3644745733671,135.13399900522282,4.7799182265698805
719.5,143.05126166358164,127.52192402153761,3.982044758390457
720.0,146.93508925331764,137.45382182431257,3.991079394879392
720.5,145.03554415738208,138.5996728497834,5.63420978285062
721.0,143.00176096616477,146.48365518112934,3.3542007725475718
721.5,146.71118145958482,140.35877006941968,6.626281550096897
722.0,151.66178321910846,125.48572281431714,4.117525629058374
722.5,139.60199602881147,135.3737517489877,6.950833915419739
723.0,143.20550616964536,144.0384798972194,8.634687875259313
723.5,143.7896223489733,138.09934903840266,11.389027450096023
724.0,142.1497508139251,136.62486555576052,13.683525729231798
724.5,150.283747195353,139.48274804847065,15.11934479320154
725.0,147.42247913546933,131.86971377894048,13.984712104488922
725.5,147.4089998459757,137.37205473703176,15.70822983422478
726.0,157.4507884301653,133.72926455893494,22.422896109191708
726.5,158.329292887419,134.88348732484212,27.44818956780129
727.0,155.8801558396609,139.12387733237003,25.43341083809565
727.5,148.15092935031475,130.34803924143358,27.2171025612936
728.0,150.79646904822255,141.4215171229042,32.08842786451673
728.5,157.75617521647425,132.86754494846676,32.869872255398924
729.0,151.2180479693405,136.28491891964651,36.31605068647108
729.5,152.74799835499206,127.97906495251978,41.41555655937968
730.0,156.11734383996094,138.58079120825144,40.47509620968323
730.5,143.04264160688567,142.21412443362738,44.27406937385892
731.0,142.6974663993986,132.40839700780376,47.57623081854153
731.5,135.71845351577866,129.43048782134647,44.467587590713485
732.0,140.79851230892845,136.37152007760804,50.36644652680474
732.5,146.3505348741176,142.2556579788532,52.35614477077289
733.0,141.5214698663494,127.73232192648996,49.114287525141336
733.5,147.6028642937121,129.45006384775277,51.01036587944377
734.0,139.67817638636524,132.7106569623369,51.60732680123906
734.5,145.50076252244702,130.879885631241,52.321008663645685
735.0,145.88308157378717,130.89567742084952,51.90754675098913
735.5,150.72466775770465,124.5110016155756,50.39033334216663
736.0,141.23678665822115,137.92688949092383,52.88846644250195
736.5,150.42727301212363,136.67520726824267,50.30836759354042
737.0,147.05117795811194,126.48735875487625,48.8585383352377
737.5,142.958599305678,142.2675835536757,47.10882406435494
738.0,144.91487334943088,143.38706632854692,51.57874999580136
738.5,147.68592673244075,131.22707700499393,46.40432395179807
739.0,142.98147375103446,140.8143477087795,42.35582098367852
739.5,146.47709194055074,132.11661572893976,42.68908708683018
740.0,145.83042615603983,135.8871873049498,43.1387765778301
740.5,145.47320298752103,130.80279407878993,39.65631985699356
741.0,147.1387715805517,146.05286237120586,36.429447559565055
741.5,150.50247013016966,133.501518617245,34.675006576169395
742.0,140.40835097525317,135.6138498680118,28.363681035813517
742.5,149.21878088985702,131.54191781657536,29.13848909180884
743.0,139.660252052892,144.28818274007645,25.906671785818855
743.5,146.17929360701672,144.41467798434155,23.539032719988096
744.0,147.09940175613502,143.13625066020919,20.480338258651997
744.5,145.27150847804177,139.7638064956326,20.563850976493637
745.0,146.3735099943463,131.85765701922423,15.967478086248327
745.5,142.82197407196594,139.12085523370658,14.340930799780196
746.0,145.3198920930023,134.9463907592708,10.617038400240371
746.5,141.2500856189642,141.54364786260766,9.150508392220337
747.0,149.11374194888884,140.5611150207213,7.5027182130229315
747.5,146.26076033904272,131.73527686351485,4.847825648188682
748.0,145.68249823086714,139.72073376808058,9.183266235849269
748.5,146.58747251409122,138.39177700411412,5.227097292502389
749.0,144.52749627809544,121.11379043932725,4.813062143800378
749.5,146.60736789399783,138.9862879520418,5.160732326565194
